aburrido,aburrido.mp4,False
agua,agua.mp4,False
alto,alto.mp4,False
amarillo,amarillo.mp4,False
amigo,amigo.mp4,False
animal,animal.mp4,True
araña,arana.mp4,False
árbol,arbol.mp4,True
asia,asia.mp4,False
auto,auto.mp4,True
ave,ave.mp4,False
avión,avion.mp4,False
ayuda,ayuda.mp4,False
bajo,bajo.mp4,False
basura,basura.mp4,False
baño,bano.mp4,False
bebé,bebe.mp4,False
bebida,bebida.mp4,False
boca,boca.mp4,False
botella,botella.mp4,False
bueno,bueno.mp4,True
caja,caja.mp4,False
calendario,calendario.mp4,False
cama,cama.mp4,False
cámara de fotos,camara_de_fotos.mp4,True
caminar,caminar.mp4,False
cansado,cansado.mp4,False
capitán,capitan.mp4,False
casa,casa.mp4,False
ciudad,ciudad.mp4,False
clima,clima.mp4,False
cocina,cocina.mp4,False
cola,cola.mp4,False
color,color.mp4,False
comida,comida.mp4,False
comprar,comprar.mp4,False
conocer,conocer.mp4,False
contar,contar.mp4,False
corazón,corazon.mp4,False
cuerpo,cuerpo.mp4,False
cumpleaños,cumpleanos.mp4,False
de acuerdo,de_acuerdo.mp4,False
decidir,decidir.mp4,False
desaparecer,desaparecer.mp4,False
desfile,desfile.mp4,False
día,dia.mp4,False
difícil,dificil.mp4,False
dinero,dinero.mp4,False
dirección,direccion.mp4,False
discutir,discutir.mp4,False
dolor,dolor.mp4,True
dolor,dolor_2.mp4,False
correr,correr.mp4,False
dormir,dormir.mp4,False
dos,dos.mp4,False
duda,duda.mp4,False
email,email.mp4,False
empezar,empezar.mp4,True
empujar,empujar.mp4,False
enfermo,enfermo.mp4,False
enseñar,ensenar.mp4,False
entender,entender.mp4,False
escribir,escribir.mp4,False
escuela,escuela.mp4,True
esperanza,esperanza.mp4,False
esperar,esperar.mp4,False
esta bien,esta_bien.mp4,False
facil,facil.mp4,False
familia,familia.mp4,True
fatal,fatal.mp4,False
feliz,feliz.mp4,False
feo,feo.mp4,False
flor,flor.mp4,False
frio,frio.mp4,False
fruta,fruta.mp4,False
fuego,fuego.mp4,False
futbol,futbol.mp4,False
ganar,ganar.mp4,False
grecia,grecia.mp4,False
hablar,hablar.mp4,False
hacer,hacer.mp4,False
hermana,hermana.mp4,False
hijo,hijo.mp4,False
historia,historia.mp4,False
hombre,hombre.mp4,False
horno,horno.mp4,False
ignorar,ignorar.mp4,False
igual,igual.mp4,True
igual,igual_2.mp4,False
igual,igual_3.mp4,False
importante,importante.mp4,False
ingles,ingles.mp4,True
internet,internet.mp4,False
interprete,interprete.mp4,False
jefe,jefe.mp4,False
joven,joven.mp4,False
joven,joven_2.mp4,False
jueves,jueves.mp4,False
ladron,ladron.mp4,True
leche,leche.mp4,False
lengua de señas,lengua_de_senas.mp4,False
letra,letra.mp4,False
libro,libro.mp4,False
lindo,lindo.mp4,False
suave,suave.mp4,False
llave,llave.mp4,False
llegar,llegar.mp4,False
llorar,llorar.mp4,False
lluvia,lluvia.mp4,False
madre,madre.mp4,False
malo,malo.mp4,False
marruecos,marruecos.mp4,False
martillo,martillo.mp4,False
matematicas,matematicas.mp4,False
meningitis,meningitis.mp4,False
mente,mente.mp4,False
mentira,mentira.mp4,True
mirar,mirar.mp4,True
morir,morir.mp4,False
morir,morir_2.mp4,False
mucho,mucho.mp4,False
lleno,lleno.mp4,False
musica,musica.mp4,False
muy mal,muy_mal.mp4,False
nada,nada.mp4,False
nada,nada_2.mp4,False
negro,negro.mp4,False
niños,ninos.mp4,False
no,no.mp4,False
noche,noche.mp4,False
nombre,nombre.mp4,False
nuevo,nuevo.mp4,False
numeros,numeros.mp4,False
nunca,nunca.mp4,True
ojo,ojo.mp4,False
ojo,ojo_2.mp4,False
padre,padre.mp4,False
padres,padres.mp4,True
pais,pais.mp4,False
pan,pan.mp4,False
papel,papel.mp4,False
pasado,pasado.mp4,False
payaso,payaso.mp4,True
paz,paz.mp4,False
pelea,pelea.mp4,True
pelo,pelo.mp4,False
pelota,pelota.mp4,False
pensar,pensar.mp4,False
perdon,perdon.mp4,False
perro,perro.mp4,False
persona,persona.mp4,False
personas,personas.mp4,False
pez,pez.mp4,False
pobre,pobre.mp4,False
poco,poco.mp4,False
poder,poder.mp4,False
policia,policia.mp4,False
politica,politica.mp4,False
por favor,por_favor.mp4,False
por supuesto,por_supuesto.mp4,False
pregunta,pregunta.mp4,False
preocupado,preocupado.mp4,False
punto,punto.mp4,False
radio,radio.mp4,False
rapido,rapido.mp4,False
red de pesca,red_de_pesca.mp4,False
relajarse,relajarse.mp4,False
remera,remera.mp4,False
responsabilidad,responsabilidad.mp4,True
rey,rey.mp4,False
risa,risa.mp4,False
rojo,rojo.mp4,False
romper,romper.mp4,False
romper,romper_2.mp4,False
sabado,sabado.mp4,False
saber,saber.mp4,False
salud,salud.mp4,False
sangre,sangre.mp4,True
sangre,sangre_2.mp4,False
secador de pelo,secador_de_pelo.mp4,False
seguro,seguro.mp4,False
seguro,seguro_2.mp4,False
semana,semana.mp4,False
semana,semana_2.mp4,False
soledad,soledad.mp4,False
sonreir,sonreir.mp4,False
sordo,sordo.mp4,True
subtitulos,subtitulos.mp4,True
suertudo,suertudo.mp4,False
sueño,sueno.mp4,False
sueño,sueno_2.mp4,True
sueño,sueno_3.mp4,False
sánguche,sanguche.mp4,False
tarjeta de credito,tarjeta_de_credito.mp4,False
teatro,teatro.mp4,False
terminar,terminar.mp4,False
tiempo,tiempo.mp4,True
tirar,tirar.mp4,False
tortuga,tortuga.mp4,False
trabajo,trabajo.mp4,False
tranquilo,tranquilo.mp4,False
tren,tren.mp4,False
triste,triste.mp4,False
universidad,universidad.mp4,False
vaca,vaca.mp4,False
veneno,veneno.mp4,False
verano,verano.mp4,False
verano,verano_2.mp4,False
verdad,verdad.mp4,False
verde,verde.mp4,False
verdura,verdura.mp4,True
vida,vida.mp4,False
viernes,viernes.mp4,False
yo,yo.mp4,False
zorro,zorro.mp4,False
manteca,manteca.mp4,False
dolor de cabeza,dolor_de_cabeza.mp4,False
hambriento,hambriento.mp4,False
graduado,graduado.mp4,False
pasto,pasto.mp4,False
enojado,enojado.mp4,False
bowl,bowl.mp4,False
tijeras,tijeras.mp4,False
paraguas,paraguas.mp4,False
chancho,chancho.mp4,False
snob,snob.mp4,False
armario,armario.mp4,True
puesta de sol,puesta_de_sol.mp4,False
miedo,miedo.mp4,False
hamburguesa,hamburguesa.mp4,False
mariposa,mariposa.mp4,False
vergonzoso,vergonzoso.mp4,False
divorcio,divorcio.mp4,False
conejo,conejo.mp4,False
caramelo,caramelo.mp4,False
tarta,tarta.mp4,False
callado,callado.mp4,False
enfermera,enfermera.mp4,False
maravilla,maravilla.mp4,False
ciego,ciego.mp4,False
imaginar,imaginar.mp4,False
granja,granja.mp4,False
cuchillo,cuchillo.mp4,False
sombrero,sombrero.mp4,False
ensalada,ensalada.mp4,False
deuda,deuda.mp4,False
muchacho,muchacho.mp4,False
silla,silla.mp4,False
maleducado,maleducado.mp4,False
honesto,honesto.mp4,False
carta,carta.mp4,False
error,error.mp4,False
valiente,valiente.mp4,False
estrella,estrella.mp4,False
caballo,caballo.mp4,True
paciente,paciente.mp4,False
amigable,amigable.mp4,False
chocolate,chocolate.mp4,False
lento,lento.mp4,False
serio,serio.mp4,False
gordo,gordo.mp4,True
tonto,tonto.mp4,False
solitario,solitario.mp4,False
viajar,viajar.mp4,False
ejercitar,ejercitar.mp4,False
hospital,hospital.mp4,True
iglesia,iglesia.mp4,False
accidente,accidente.mp4,False
medicina,medicina.mp4,False
hogar,hogar.mp4,False
desear,desear.mp4,False
vacacionar,vacacionar.mp4,False
mundo,mundo.mp4,False
duro,duro.mp4,True
azul,azul.mp4,False
aprender,aprender.mp4,False
problema,problema.mp4,False
